,record_name,atom_number,blank_1,atom_name,alt_loc,residue_name,blank_2,chain_id,residue_number,insertion,blank_3,x_coord,y_coord,z_coord,occupancy,b_factor,blank_4,segment_id,element_symbol,charge,line_idx,mass,x_coord*mass,y_coord*mass,z_coord*mass
0,HETATM,2005,,CL,,CL,,A,501,,,-29.773,-13.815,11.431,1.0,30.04,,,CL,,4722,35.453,-1055.542169,-489.78319500000003,405.263243
1,HETATM,2006,,C18,,OLC,,A,502,,,-27.38,-22.448,24.678,1.0,42.43,,,C,,4723,12.0107,-328.852966,-269.61619360000003,296.40005460000003
2,HETATM,2007,,C10,,OLC,,A,502,,,-31.321,-28.079,18.857,1.0,43.19,,,C,,4724,12.0107,-376.1871347,-337.2484453,226.48576989999998
3,HETATM,2008,,C9,,OLC,,A,502,,,-31.812,-28.512,17.692,1.0,40.61,,,C,,4725,12.0107,-382.0843884,-342.4490784,212.4933044
4,HETATM,2009,,C17,,OLC,,A,502,,,-27.705,-23.027,23.315,1.0,47.59,,,C,,4726,12.0107,-332.7564435,-276.5703889,280.0294705
5,HETATM,2010,,C11,,OLC,,A,502,,,-32.15,-27.464,19.96,1.0,47.42,,,C,,4727,12.0107,-386.144005,-329.8618648,239.733572
6,HETATM,2011,,C8,,OLC,,A,502,,,-33.267,-28.462,17.288,1.0,32.62,,,C,,4728,12.0107,-399.55995690000003,-341.8485434,207.6409816
7,HETATM,2012,,C24,,OLC,,A,502,,,-38.306,-30.722,5.941,1.0,55.55,,,C,,4729,12.0107,-460.08187419999996,-368.99272540000004,71.35556869999999
8,HETATM,2013,,C16,,OLC,,A,502,,,-29.12,-23.597,23.284,1.0,47.54,,,C,,4730,12.0107,-349.75158400000004,-283.4164879,279.6571388
9,HETATM,2014,,C12,,OLC,,A,502,,,-31.344,-27.511,21.258,1.0,48.92,,,C,,4731,12.0107,-376.46338080000004,-330.4263677,255.32346059999998
10,HETATM,2015,,C7,,OLC,,A,502,,,-33.387,-29.204,15.96,1.0,39.43,,,C,,4732,12.0107,-401.0012409,-350.76048280000003,191.690772
11,HETATM,2016,,C15,,OLC,,A,502,,,-29.339,-24.505,22.078,1.0,49.73,,,C,,4733,12.0107,-352.3819273,-294.3222035,265.17223459999997
12,HETATM,2017,,C13,,OLC,,A,502,,,-31.254,-26.14,21.927,1.0,52.51,,,C,,4734,12.0107,-375.38241780000004,-313.959698,263.3586189
13,HETATM,2018,,C6,,OLC,,A,502,,,-34.764,-29.106,15.316,1.0,39.83,,,C,,4735,12.0107,-417.53997480000004,-349.5834342,183.95588120000002
14,HETATM,2019,,C14,,OLC,,A,502,,,-29.859,-25.881,22.49,1.0,50.3,,,C,,4736,12.0107,-358.62749130000003,-310.8489267,270.120643
15,HETATM,2020,,C5,,OLC,,A,502,,,-34.774,-29.832,13.975,1.0,34.89,,,C,,4737,12.0107,-417.6600818,-358.30320240000003,167.84953249999998
16,HETATM,2021,,C4,,OLC,,A,502,,,-36.043,-29.541,13.177,1.0,46.89,,,C,,4738,12.0107,-432.9016601,-354.8080887,158.2649939
17,HETATM,2022,,C3,,OLC,,A,502,,,-36.726,-30.837,12.752,1.0,58.38,,,C,,4739,12.0107,-441.1049682,-370.3739559,153.1604464
18,HETATM,2023,,C2,,OLC,,A,502,,,-36.764,-31.035,11.236,1.0,62.2,,,C,,4740,12.0107,-441.5613748,-372.7520745,134.95222520000002
19,HETATM,2024,,C21,,OLC,,A,502,,,-38.332,-31.366,8.363,1.0,66.37,,,C,,4741,12.0107,-460.3941524,-376.7276162,100.44548409999999
20,HETATM,2025,,C1,,OLC,,A,502,,,-38.025,-30.42,10.675,1.0,65.65,,,C,,4742,12.0107,-456.7068675,-365.365494,128.2142225
21,HETATM,2026,,C22,,OLC,,A,502,,,-39.187,-30.936,7.174,1.0,67.16,,,C,,4743,12.0107,-470.66330089999997,-371.5630152,86.16476180000001
22,HETATM,2027,,O19,,OLC,,A,502,,,-38.902,-30.022,11.42,1.0,67.43,,,O,,4744,15.9994,-622.4086588,-480.3339868,182.713148
23,HETATM,2028,,O25,,OLC,,A,502,,,-39.025,-30.01,4.92,1.0,52.2,,,O,,4745,15.9994,-624.376585,-480.141994,78.71704799999999
24,HETATM,2029,,O23,,OLC,,A,502,,,-40.174,-31.945,6.92,1.0,72.5,,,O,,4746,15.9994,-642.7598955999999,-511.10083299999997,110.715848
25,HETATM,2030,,O20,,OLC,,A,502,,,-38.232,-30.255,9.246,1.0,68.58,,,O,,4747,15.9994,-611.6890608,-484.061847,147.9304524
26,HETATM,2031,,C18,,OLC,,A,503,,,-20.624,0.0,0.0,0.5,25.22,,,C,,4748,12.0107,-247.70867679999998,0.0,0.0
27,HETATM,2032,,C10,,OLC,,A,503,,,-28.271,-1.555,2.589,1.0,61.35,,,C,,4749,12.0107,-339.5544997,-18.6766385,31.0957023
28,HETATM,2033,,C9,,OLC,,A,503,,,-29.482,-1.989,2.933,1.0,53.91,,,C,,4750,12.0107,-354.0994574,-23.8892823,35.2273831
29,HETATM,2034,,C17,,OLC,,A,503,,,-21.061,-0.354,1.408,1.0,38.51,,,C,,4751,12.0107,-252.9573527,-4.2517878,16.9110656
30,HETATM,2035,,C11,,OLC,,A,503,,,-28.044,-0.461,1.578,1.0,62.02,,,C,,4752,12.0107,-336.8280708,-5.5369327,18.9528846
31,HETATM,2036,,C8,,OLC,,A,503,,,-30.756,-1.443,2.336,1.0,44.25,,,C,,4753,12.0107,-369.4010892,-17.331440100000002,28.0569952
32,HETATM,2037,,C24,,OLC,,A,503,,,-43.858,1.229,3.83,1.0,51.19,,,C,,4754,12.0107,-526.7652806,14.7611503,46.000981
33,HETATM,2038,,C16,,OLC,,A,503,,,-22.525,-0.784,1.514,1.0,40.91,,,C,,4755,12.0107,-270.5410175,-9.4163888,18.184199800000002
34,HETATM,2039,,C12,,OLC,,A,503,,,-26.783,0.319,1.963,1.0,62.03,,,C,,4756,12.0107,-321.6825781,3.8314133,23.5770041
35,HETATM,2040,,C7,,OLC,,A,503,,,-31.813,-1.452,3.443,1.0,44.67,,,C,,4757,12.0107,-382.0963991,-17.439536399999998,41.3528401
36,HETATM,2041,,C15,,OLC,,A,503,,,-23.114,-0.554,2.901,1.0,45.63,,,C,,4758,12.0107,-277.6153198,-6.653927800000001,34.843040699999996
37,HETATM,2042,,C13,,OLC,,A,503,,,-25.527,-0.549,2.072,1.0,59.62,,,C,,4759,12.0107,-306.5971389,-6.5938743,24.8861704
38,HETATM,2043,,C6,,OLC,,A,503,,,-33.185,-1.082,2.896,1.0,41.26,,,C,,4760,12.0107,-398.5750795,-12.9955774,34.7829872
39,HETATM,2044,,C14,,OLC,,A,503,,,-24.432,0.207,2.822,1.0,53.9,,,C,,4761,12.0107,-293.4454224,2.4862149,33.8941954
40,HETATM,2045,,C5,,OLC,,A,503,,,-34.178,-0.722,3.997,1.0,34.59,,,C,,4762,12.0107,-410.5017046,-8.6717254,48.0067679
41,HETATM,2046,,C4,,OLC,,A,503,,,-35.418,-0.121,3.339,1.0,34.66,,,C,,4763,12.0107,-425.3949726,-1.4532947,40.1037273
42,HETATM,2047,,C3,,OLC,,A,503,,,-36.573,0.115,4.303,1.0,33.42,,,C,,4764,12.0107,-439.2673311,1.3812305,51.6820421
43,HETATM,2048,,C2,,OLC,,A,503,,,-37.878,-0.366,3.672,1.0,41.66,,,C,,4765,12.0107,-454.9412946,-4.3959162,44.1032904
44,HETATM,2049,,C21,,OLC,,A,503,,,-41.46,0.888,4.468,1.0,53.12,,,C,,4766,12.0107,-497.963622,10.6655016,53.6638076
45,HETATM,2050,,C1,,OLC,,A,503,,,-39.039,0.38,4.277,1.0,51.21,,,C,,4767,12.0107,-468.8857173,4.564066,51.3697639
46,HETATM,2051,,C22,,OLC,,A,503,,,-42.417,1.634,3.541,1.0,54.05,,,C,,4768,12.0107,-509.4578619,19.625483799999998,42.5298887
47,HETATM,2052,,O19,,OLC,,A,503,,,-38.857,1.09,5.245,1.0,61.36,,,O,,4769,15.9994,-621.6886858,17.439346,83.916853
48,HETATM,2053,,O25,,OLC,,A,503,,,-44.547,2.354,4.396,1.0,50.07,,,O,,4770,15.9994,-712.7252718,37.6625876,70.3333624
49,HETATM,2054,,O23,,OLC,,A,503,,,-42.283,3.054,3.724,1.0,41.88,,,O,,4771,15.9994,-676.5026302,48.8621676,59.581765600000004
50,HETATM,2055,,O20,,OLC,,A,503,,,-40.384,0.304,3.724,1.0,52.18,,,O,,4772,15.9994,-646.1197696,4.8638176,59.581765600000004
51,HETATM,2056,,C1,,OLB,,A,504,,,-15.253,-7.286,-9.539,1.0,37.5,,,C,,4773,12.0107,-183.1992071,-87.5099602,-114.57006729999999
52,HETATM,2057,,C2,,OLB,,A,504,,,-16.473,-6.53,-9.081,1.0,34.45,,,C,,4774,12.0107,-197.8522611,-78.429871,-109.0691667
53,HETATM,2058,,C3,,OLB,,A,504,,,-17.731,-7.339,-9.357,1.0,32.49,,,C,,4775,12.0107,-212.96172170000003,-88.1465273,-112.38411989999999
54,HETATM,2059,,C4,,OLB,,A,504,,,-18.967,-6.615,-8.845,1.0,30.85,,,C,,4776,12.0107,-227.80694689999999,-79.45078050000001,-106.23464150000001
55,HETATM,2060,,C5,,OLB,,A,504,,,-20.242,-7.388,-9.143,1.0,35.99,,,C,,4777,12.0107,-243.1205894,-88.73505159999999,-109.8138301
56,HETATM,2061,,O19,,OLB,,A,504,,,-15.279,-8.496,-9.654,1.0,48.61,,,O,,4778,15.9994,-244.4548326,-135.9309024,-154.4582076
57,HETATM,2062,,O20,,OLB,,A,504,,,-14.022,-6.586,-9.861,1.0,46.0,,,O,,4779,15.9994,-224.3435868,-105.3720484,-157.7700834
58,HETATM,2063,,C21,,OLB,,A,504,,,-12.78,-7.293,-9.794,1.0,54.72,,,C,,4780,12.0107,-153.496746,-87.5940351,-117.63279580000001
59,HETATM,2064,,C22,,OLB,,A,504,,,-11.656,-6.446,-10.384,1.0,62.41,,,C,,4781,12.0107,-139.9967192,-77.4209722,-124.7191088
60,HETATM,2065,,O23,,OLB,,A,504,,,-11.428,-5.304,-9.555,1.0,61.42,,,O,,4782,15.9994,-182.8411432,-84.8608176,-152.874267
61,HETATM,2066,,C24,,OLB,,A,504,,,-10.372,-7.265,-10.474,1.0,66.88,,,C,,4783,12.0107,-124.5749804,-87.2577355,-125.8000718
62,HETATM,2067,,O25,,OLB,,A,504,,,-9.302,-6.427,-10.938,1.0,69.71,,,O,,4784,15.9994,-148.8264188,-102.82814379999999,-175.0014372
63,HETATM,2068,,C6,,OLB,,A,504,,,-21.009,-7.725,-7.879,1.0,38.28,,,C,,4785,12.0107,-252.3327963,-92.7826575,-94.6323053
64,HETATM,2069,,C7,,OLB,,A,504,,,-22.266,-6.881,-7.765,1.0,37.31,,,C,,4786,12.0107,-267.4302462,-82.64562670000001,-93.2630855
65,HETATM,2070,,C8,,OLB,,A,504,,,-23.505,-7.691,-8.114,1.0,37.65,,,C,,4787,12.0107,-282.3115035,-92.3742937,-97.45481980000001
66,HETATM,2071,,C9,,OLB,,A,504,,,-24.612,-7.212,-7.213,1.0,40.06,,,C,,4788,12.0107,-295.6073484,-86.6211684,-86.6331791
67,HETATM,2072,,C10,,OLB,,A,504,,,-25.885,-7.24,-7.597,1.0,44.71,,,C,,4789,12.0107,-310.8969695,-86.957468,-91.24528790000001
68,HETATM,2073,,C11,,OLB,,A,504,,,-26.312,-7.731,-8.957,1.0,49.04,,,C,,4790,12.0107,-316.0255384,-92.8547217,-107.57983990000001
69,HETATM,2074,,C12,,OLB,,A,504,,,-27.836,-7.801,-8.977,1.0,55.83,,,C,,4791,12.0107,-334.32984519999997,-93.6954707,-107.8200539
70,HETATM,2075,,C13,,OLB,,A,504,,,-28.455,-6.913,-10.053,1.0,61.4,,,C,,4792,12.0107,-341.76446849999996,-83.0299691,-120.7435671
71,HETATM,2076,,C14,,OLB,,A,504,,,-29.958,-6.745,-9.83,1.0,63.57,,,C,,4793,12.0107,-359.81655059999997,-81.0121715,-118.065181
72,HETATM,2077,,C15,,OLB,,A,504,,,-30.368,-5.278,-9.947,1.0,61.51,,,C,,4794,12.0107,-364.7409376,-63.39247459999999,-119.47043289999999
73,HETATM,2078,,C16,,OLB,,A,504,,,-31.75,-5.02,-9.352,1.0,55.92,,,C,,4795,12.0107,-381.339725,-60.293713999999994,-112.3240664
74,HETATM,2079,,C17,,OLB,,A,504,,,-32.832,-5.06,-10.424,1.0,51.98,,,C,,4796,12.0107,-394.3353024,-60.774142,-125.19953679999999
75,HETATM,2080,,C18,,OLB,,A,504,,,-33.666,-6.32,-10.334,1.0,47.69,,,C,,4797,12.0107,-404.35222619999996,-75.907624,-124.1185738
76,HETATM,2081,,C10,,OLC,,A,505,,,-33.033,-27.834,-2.033,1.0,56.44,,,C,,4798,12.0107,-396.74945310000004,-334.3058238,-24.4177531
77,HETATM,2082,,C9,,OLC,,A,505,,,-33.715,-28.016,-0.91,1.0,48.37,,,C,,4799,12.0107,-404.94075050000004,-336.49177119999996,-10.929737000000001
78,HETATM,2083,,C11,,OLC,,A,505,,,-33.666,-27.306,-3.29,1.0,63.79,,,C,,4800,12.0107,-404.35222619999996,-327.9641742,-39.515203
79,HETATM,2084,,C8,,OLC,,A,505,,,-35.191,-27.748,-0.71,1.0,39.37,,,C,,4801,12.0107,-422.66854370000004,-333.2729036,-8.527597
80,HETATM,2085,,C24,,OLC,,A,505,,,-34.901,-33.337,6.569,1.0,60.76,,,C,,4802,12.0107,-419.1854407,-400.40070590000005,78.8982883
81,HETATM,2086,,C12,,OLC,,A,505,,,-32.596,-27.284,-4.368,1.0,65.25,,,C,,4803,12.0107,-391.50077719999996,-327.6999388,-52.462737600000004
82,HETATM,2087,,C7,,OLC,,A,505,,,-35.432,-28.383,0.652,1.0,34.81,,,C,,4804,12.0107,-425.5631224,-340.89969809999997,7.8309764
83,HETATM,2088,,C6,,OLC,,A,505,,,-34.049,-28.509,1.282,1.0,37.15,,,C,,4805,12.0107,-408.9523243,-342.4130463,15.3977174
84,HETATM,2089,,C5,,OLC,,A,505,,,-33.943,-29.505,2.423,1.0,36.47,,,C,,4806,12.0107,-407.67919009999997,-354.3757035,29.1019261
85,HETATM,2090,,C4,,OLC,,A,505,,,-32.512,-30.03,2.484,1.0,34.71,,,C,,4807,12.0107,-390.4918784,-360.681321,29.8345788
86,HETATM,2091,,C3,,OLC,,A,505,,,-32.196,-30.657,3.832,1.0,44.41,,,C,,4808,12.0107,-386.69649719999995,-368.2120299,46.0250024
87,HETATM,2092,,C2,,OLC,,A,505,,,-31.438,-31.971,3.704,1.0,51.46,,,C,,4809,12.0107,-377.5923866,-383.9940897,44.4876328
88,HETATM,2093,,C21,,OLC,,A,505,,,-32.521,-33.984,6.824,1.0,66.27,,,C,,4810,12.0107,-390.5999747,-408.1716288,81.9610168
89,HETATM,2094,,C1,,OLC,,A,505,,,-31.381,-32.626,5.068,1.0,62.07,,,C,,4811,12.0107,-376.9077767,-391.86109819999996,60.87022759999999
90,HETATM,2095,,C22,,OLC,,A,505,,,-33.958,-34.42,7.085,1.0,65.52,,,C,,4812,12.0107,-407.85935059999997,-413.408294,85.0958095
91,HETATM,2096,,O19,,OLC,,A,505,,,-30.534,-32.294,5.883,1.0,67.13,,,O,,4813,15.9994,-488.5256796,-516.6846235999999,94.1244702
92,HETATM,2097,,O25,,OLC,,A,505,,,-36.239,-33.575,7.031,1.0,58.94,,,O,,4814,15.9994,-579.8022566,-537.1798550000001,112.4917814
93,HETATM,2098,,O23,,OLC,,A,505,,,-34.216,-35.66,6.415,1.0,71.94,,,O,,4815,15.9994,-547.4354704,-570.538604,102.636151
94,HETATM,2099,,O20,,OLC,,A,505,,,-32.338,-33.659,5.446,1.0,67.09,,,O,,4816,15.9994,-517.3885972,-538.5238046,87.1327324
95,HETATM,2100,,C18,,OLC,,A,506,,,-26.57,-3.782,-13.561,1.0,72.86,,,C,,4817,12.0107,-319.124299,-45.4244674,-162.8771027
96,HETATM,2101,,C10,,OLC,,A,506,,,-21.686,-8.682,-12.303,1.0,46.72,,,C,,4818,12.0107,-260.4640402,-104.27689740000001,-147.76764210000002
97,HETATM,2102,,C9,,OLC,,A,506,,,-20.52,-8.391,-12.863,1.0,45.87,,,C,,4819,12.0107,-246.459564,-100.7817837,-154.49363409999998
98,HETATM,2103,,C17,,OLC,,A,506,,,-25.073,-4.038,-13.441,1.0,73.28,,,C,,4820,12.0107,-301.1442811,-48.4992066,-161.4358187
99,HETATM,2104,,C11,,OLC,,A,506,,,-22.088,-9.929,-11.606,1.0,52.27,,,C,,4821,12.0107,-265.2923416,-119.2542403,-139.3961842
100,HETATM,2105,,C8,,OLC,,A,506,,,-19.283,-9.221,-12.93,1.0,44.35,,,C,,4822,12.0107,-231.60232810000002,-110.7506647,-155.298351
101,HETATM,2106,,C24,,OLC,,A,506,,,-8.663,-12.452,-11.231,1.0,80.69,,,C,,4823,12.0107,-104.0486941,-149.5572364,-134.8921717
102,HETATM,2107,,C16,,OLC,,A,506,,,-24.702,-5.014,-12.326,1.0,71.61,,,C,,4824,12.0107,-296.68831140000003,-60.2216498,-148.0438882
103,HETATM,2108,,C12,,OLC,,A,506,,,-23.594,-9.776,-11.465,1.0,61.13,,,C,,4825,12.0107,-283.3804558,-117.4166032,-137.7026755
104,HETATM,2109,,C7,,OLC,,A,506,,,-18.283,-8.219,-13.455,1.0,42.53,,,C,,4826,12.0107,-219.5916281,-98.71594329999999,-161.6039685
105,HETATM,2110,,C15,,OLC,,A,506,,,-24.027,-6.3,-12.792,1.0,71.25,,,C,,4827,12.0107,-288.5810889,-75.66741,-153.6408744
106,HETATM,2111,,C13,,OLC,,A,506,,,-24.043,-8.876,-12.622,1.0,66.45,,,C,,4828,12.0107,-288.7732601,-106.6069732,-151.5990554
107,HETATM,2112,,C6,,OLC,,A,506,,,-16.933,-8.837,-13.674,1.0,42.15,,,C,,4829,12.0107,-203.3771831,-106.1385559,-164.2343118
108,HETATM,2113,,C14,,OLC,,A,506,,,-24.711,-7.556,-12.242,1.0,70.86,,,C,,4830,12.0107,-296.7964077,-90.7528492,-147.0349894
109,HETATM,2114,,C5,,OLC,,A,506,,,-16.42,-9.546,-12.461,1.0,45.2,,,C,,4831,12.0107,-197.215694,-114.6541422,-149.6653327
110,HETATM,2115,,C4,,OLC,,A,506,,,-16.727,-11.018,-12.487,1.0,49.26,,,C,,4832,12.0107,-200.9029789,-132.3338926,-149.9776109
111,HETATM,2116,,C3,,OLC,,A,506,,,-15.434,-11.759,-12.291,1.0,54.37,,,C,,4833,12.0107,-185.37314379999998,-141.23382130000002,-147.6235137
112,HETATM,2117,,C2,,OLC,,A,506,,,-14.445,-10.675,-11.914,1.0,58.48,,,C,,4834,12.0107,-173.4945615,-128.2142225,-143.0954798
113,HETATM,2118,,C21,,OLC,,A,506,,,-10.804,-11.713,-12.305,1.0,76.62,,,C,,4835,12.0107,-129.7636028,-140.6813291,-147.7916635
114,HETATM,2119,,C1,,OLC,,A,506,,,-13.098,-10.943,-12.51,1.0,67.28,,,C,,4836,12.0107,-157.31614860000002,-131.4330901,-150.253857
115,HETATM,2120,,C22,,OLC,,A,506,,,-10.004,-12.907,-11.808,1.0,79.43,,,C,,4837,12.0107,-120.15504279999999,-155.0221049,-141.8223456
116,HETATM,2121,,O19,,OLC,,A,506,,,-12.734,-10.43,-13.54,1.0,71.5,,,O,,4838,15.9994,-203.7363596,-166.873742,-216.63187599999998
117,HETATM,2122,,O25,,OLC,,A,506,,,-8.106,-13.491,-10.427,1.0,81.35,,,O,,4839,15.9994,-129.6911364,-215.8479054,-166.8257438
118,HETATM,2123,,O23,,OLC,,A,506,,,-10.746,-13.608,-10.82,1.0,77.48,,,O,,4840,15.9994,-171.9295524,-217.7198352,-173.113508
119,HETATM,2124,,O20,,OLC,,A,506,,,-12.15,-11.783,-11.854,1.0,72.88,,,O,,4841,15.9994,-194.39271,-188.52093019999998,-189.65688759999998
120,HETATM,2125,,C18,,OLC,,A,507,,,-25.576,-18.761,26.71,1.0,50.96,,,C,,4842,12.0107,-307.1856632,-225.33274269999998,320.805797
121,HETATM,2126,,C10,,OLC,,A,507,,,-23.298,-12.102,22.788,1.0,49.39,,,C,,4843,12.0107,-279.82528859999996,-145.3534914,273.6998316
122,HETATM,2127,,C9,,OLC,,A,507,,,-22.961,-10.859,22.468,1.0,52.89,,,C,,4844,12.0107,-275.77768269999996,-130.4241913,269.8564076
123,HETATM,2128,,C17,,OLC,,A,507,,,-26.52,-17.591,26.891,1.0,48.39,,,C,,4845,12.0107,-318.52376399999997,-211.28022370000002,322.9797337
124,HETATM,2129,,C11,,OLC,,A,507,,,-22.513,-12.759,23.889,1.0,47.73,,,C,,4846,12.0107,-270.3968891,-153.2445213,286.9236123
125,HETATM,2130,,C8,,OLC,,A,507,,,-21.844,-10.227,23.262,1.0,55.84,,,C,,4847,12.0107,-262.36173080000003,-122.8334289,279.3929034
126,HETATM,2131,,C24,,OLC,,A,507,,,-11.303,-8.388,19.139,1.0,70.72,,,C,,4848,12.0107,-135.7569421,-100.74575159999999,229.8727873
127,HETATM,2132,,C16,,OLC,,A,507,,,-25.948,-16.42,26.107,1.0,41.92,,,C,,4849,12.0107,-311.6536436,-197.215694,313.5633449
128,HETATM,2133,,C12,,OLC,,A,507,,,-22.683,-14.264,23.798,1.0,46.16,,,C,,4850,12.0107,-272.4387081,-171.3206248,285.8306386
129,HETATM,2134,,C7,,OLC,,A,507,,,-20.518,-10.424,22.54,1.0,51.82,,,C,,4851,12.0107,-246.43554260000002,-125.19953679999999,270.721178
130,HETATM,2135,,C15,,OLC,,A,507,,,-24.447,-16.639,26.041,1.0,34.96,,,C,,4852,12.0107,-293.6255829,-199.84603729999998,312.7706387
131,HETATM,2136,,C13,,OLC,,A,507,,,-23.851,-14.688,24.667,1.0,37.73,,,C,,4853,12.0107,-286.46720569999997,-176.4131616,296.2679369
132,HETATM,2137,,C6,,OLC,,A,507,,,-20.495,-9.678,21.217,1.0,44.76,,,C,,4854,12.0107,-246.1592965,-116.2395546,254.8310219
133,HETATM,2138,,C14,,OLC,,A,507,,,-23.901,-16.201,24.7,1.0,38.25,,,C,,4855,12.0107,-287.0677407,-194.5853507,296.66429
134,HETATM,2139,,C5,,OLC,,A,507,,,-19.058,-9.399,20.798,1.0,38.58,,,C,,4856,12.0107,-228.8999206,-112.88856929999999,249.79853859999997
135,HETATM,2140,,C4,,OLC,,A,507,,,-18.804,-7.899,20.792,1.0,38.91,,,C,,4857,12.0107,-225.84920279999997,-94.8725193,249.72647440000003
136,HETATM,2141,,C3,,OLC,,A,507,,,-17.353,-7.601,20.451,1.0,43.34,,,C,,4858,12.0107,-208.4216771,-91.2933307,245.6308257
137,HETATM,2142,,C2,,OLC,,A,507,,,-17.28,-6.559,19.343,1.0,48.2,,,C,,4859,12.0107,-207.54489600000002,-78.7781813,232.3229701
138,HETATM,2143,,C21,,OLC,,A,507,,,-13.545,-7.339,18.801,1.0,65.82,,,C,,4860,12.0107,-162.6849315,-88.1465273,225.81317069999997
139,HETATM,2144,,C1,,OLC,,A,507,,,-15.951,-6.737,18.662,1.0,49.37,,,C,,4861,12.0107,-191.5826757,-80.9160859,224.1436834
140,HETATM,2145,,C22,,OLC,,A,507,,,-12.801,-8.524,19.397,1.0,68.2,,,C,,4862,12.0107,-153.7489707,-102.37920679999999,232.9715479
141,HETATM,2146,,O19,,OLC,,A,507,,,-15.79,-6.447,17.492,1.0,39.87,,,O,,4863,15.9994,-252.63052599999997,-103.1481318,279.86150480000003
142,HETATM,2147,,O25,,OLC,,A,507,,,-11.048,-8.478,17.726,1.0,68.63,,,O,,4864,15.9994,-176.76137119999999,-135.64291319999998,283.6053644
143,HETATM,2148,,O23,,OLC,,A,507,,,-13.06,-8.568,20.801,1.0,65.63,,,O,,4865,15.9994,-208.952164,-137.0828592,332.80351939999997
144,HETATM,2149,,O20,,OLC,,A,507,,,-14.834,-7.274,19.413,1.0,59.79,,,O,,4866,15.9994,-237.33509959999998,-116.3796356,310.5963522
145,HETATM,2150,,C1,,OLB,,A,508,,,-16.413,-31.907,-1.197,1.0,73.12,,,C,,4867,12.0107,-197.1316191,-383.2254049,-14.376807900000001
146,HETATM,2151,,C2,,OLB,,A,508,,,-17.698,-31.241,-1.642,1.0,67.21,,,C,,4868,12.0107,-212.5653686,-375.22627869999997,-19.7215694
147,HETATM,2152,,C3,,OLB,,A,508,,,-18.71,-31.26,-0.492,1.0,62.95,,,C,,4869,12.0107,-224.720197,-375.45448200000004,-5.9092644
148,HETATM,2153,,C4,,OLB,,A,508,,,-20.03,-30.575,-0.854,1.0,59.46,,,C,,4870,12.0107,-240.57432100000003,-367.2271525,-10.257137799999999
149,HETATM,2154,,C5,,OLB,,A,508,,,-21.069,-30.765,0.253,1.0,52.15,,,C,,4871,12.0107,-253.05343829999998,-369.5091855,3.0387071
150,HETATM,2155,,O19,,OLB,,A,508,,,-16.434,-33.021,-0.705,1.0,74.94,,,O,,4872,15.9994,-262.93413960000004,-528.3161874,-11.279577
151,HETATM,2156,,O20,,OLB,,A,508,,,-15.119,-31.24,-1.293,1.0,77.7,,,O,,4873,15.9994,-241.8949286,-499.82125599999995,-20.6872242
152,HETATM,2157,,C21,,OLB,,A,508,,,-14.193,-31.537,-2.348,1.0,79.37,,,C,,4874,12.0107,-170.46786509999998,-378.7814459,-28.2011236
153,HETATM,2158,,C22,,OLB,,A,508,,,-12.782,-31.538,-1.752,1.0,78.3,,,C,,4875,12.0107,-153.5207674,-378.7934566,-21.0427464
154,HETATM,2159,,O23,,OLB,,A,508,,,-12.56,-32.771,-1.052,1.0,75.23,,,O,,4876,15.9994,-200.952464,-524.3163374,-16.8313688
155,HETATM,2160,,C24,,OLB,,A,508,,,-11.712,-31.356,-2.827,1.0,78.85,,,C,,4877,12.0107,-140.6693184,-376.60750920000004,-33.954248899999996
156,HETATM,2161,,O25,,OLB,,A,508,,,-10.415,-31.341,-2.207,1.0,76.39,,,O,,4878,15.9994,-166.633751,-501.4371954,-35.3106758
157,HETATM,2162,,C6,,OLB,,A,508,,,-22.337,-29.954,-0.009,1.0,41.31,,,C,,4879,12.0107,-268.2830059,-359.7685078,-0.10809629999999999
158,HETATM,2163,,C7,,OLB,,A,508,,,-23.414,-30.184,1.051,1.0,33.6,,,C,,4880,12.0107,-281.2185298,-362.5309688,12.6232457
159,HETATM,2164,,C8,,OLB,,A,508,,,-22.874,-29.93,2.457,1.0,46.87,,,C,,4881,12.0107,-274.73275179999996,-359.480251,29.510289899999997
160,HETATM,2165,,C9,,OLB,,A,508,,,-23.969,-29.474,3.396,1.0,48.04,,,C,,4882,12.0107,-287.88446830000004,-354.0033718,40.7883372
161,HETATM,2166,,C10,,OLB,,A,508,,,-23.858,-29.727,4.702,1.0,51.81,,,C,,4883,12.0107,-286.5512806,-357.0420789,56.4743114
162,HETATM,2167,,C11,,OLB,,A,508,,,-22.641,-30.464,5.221,1.0,59.8,,,C,,4884,12.0107,-271.9342587,-365.8939648,62.7078647
163,HETATM,2168,,C12,,OLB,,A,508,,,-23.029,-31.409,6.355,1.0,61.15,,,C,,4885,12.0107,-276.5944103,-377.24407629999996,76.3279985
164,HETATM,2169,,C13,,OLB,,A,508,,,-24.013,-32.467,5.863,1.0,60.56,,,C,,4886,12.0107,-288.4129391,-389.95139689999996,70.41873410000001
165,HETATM,2170,,C14,,OLB,,A,508,,,-24.859,-33.046,6.998,1.0,57.87,,,C,,4887,12.0107,-298.57399130000005,-396.9055922,84.0508786
166,HETATM,2171,,C15,,OLB,,A,508,,,-26.092,-33.748,6.432,1.0,50.01,,,C,,4888,12.0107,-313.3831844,-405.3371036,77.2528224
167,HETATM,2172,,C16,,OLB,,A,508,,,-27.351,-33.496,7.256,1.0,39.47,,,C,,4889,12.0107,-328.5046557,-402.31040720000004,87.1496392
168,HETATM,2173,,C17,,OLB,,A,508,,,-27.486,-34.515,8.378,1.0,44.47,,,C,,4890,12.0107,-330.1261002,-414.5493105,100.6256446
169,HETATM,2174,,C18,,OLB,,A,508,,,-28.925,-34.629,8.837,1.0,46.44,,,C,,4891,12.0107,-347.4094975,-415.9185303,106.1385559
170,HETATM,2175,,C18,,OLC,,A,509,,,-28.11,2.051,5.097,1.0,39.57,,,C,,4892,12.0107,-337.620777,24.6339457,61.2185379
171,HETATM,2176,,C10,,OLC,,A,509,,,-36.166,1.331,7.801,1.0,48.34,,,C,,4893,12.0107,-434.37897619999995,15.986241699999999,93.6954707
172,HETATM,2177,,C9,,OLC,,A,509,,,-37.443,1.662,7.611,1.0,45.3,,,C,,4894,12.0107,-449.71664009999995,19.961783399999998,91.4134377
173,HETATM,2178,,C17,,OLC,,A,509,,,-28.703,2.021,6.493,1.0,43.09,,,C,,4895,12.0107,-344.7431221,24.2736247,77.9854751
174,HETATM,2179,,C11,,OLC,,A,509,,,-35.258,2.195,8.639,1.0,51.42,,,C,,4896,12.0107,-423.4732606,26.363486499999997,103.76043729999999
175,HETATM,2180,,C8,,OLC,,A,509,,,-38.064,2.894,8.234,1.0,39.54,,,C,,4897,12.0107,-457.1752848,34.7589658,98.8961038
176,HETATM,2181,,C24,,OLC,,A,509,,,-50.129,5.282,6.101,1.0,55.58,,,C,,4898,12.0107,-602.0843803,63.4405174,73.2772807
177,HETATM,2182,,C16,,OLC,,A,509,,,-30.228,1.959,6.433,1.0,45.1,,,C,,4899,12.0107,-363.0594396,23.528961300000002,77.2648331
178,HETATM,2183,,C12,,OLC,,A,509,,,-34.209,1.331,9.328,1.0,54.26,,,C,,4900,12.0107,-410.87403630000006,15.986241699999999,112.0358096
179,HETATM,2184,,C7,,OLC,,A,509,,,-39.328,3.229,7.449,1.0,42.68,,,C,,4901,12.0107,-472.3568096,38.782550300000004,89.4677043
180,HETATM,2185,,C15,,OLC,,A,509,,,-30.852,1.787,7.813,1.0,51.4,,,C,,4902,12.0107,-370.5541164,21.4631209,93.8395991
181,HETATM,2186,,C13,,OLC,,A,509,,,-33.129,0.844,8.368,1.0,54.01,,,C,,4903,12.0107,-397.9024803,10.1370308,100.5055376
182,HETATM,2187,,C6,,OLC,,A,509,,,-40.249,4.152,8.23,1.0,49.48,,,C,,4904,12.0107,-483.41866430000005,49.868426400000004,98.848061
183,HETATM,2188,,C14,,OLC,,A,509,,,-32.361,2.017,7.762,1.0,53.43,,,C,,4905,12.0107,-388.67826269999995,24.225581899999998,93.22705339999999
184,HETATM,2189,,C5,,OLC,,A,509,,,-41.702,3.757,8.009,1.0,50.3,,,C,,4906,12.0107,-500.87021139999996,45.1241999,96.1936963
185,HETATM,2190,,C4,,OLC,,A,509,,,-42.449,3.835,9.332,1.0,51.78,,,C,,4907,12.0107,-509.8422043,46.0610345,112.08385240000001
186,HETATM,2191,,C3,,OLC,,A,509,,,-43.778,4.551,9.156,1.0,56.83,,,C,,4908,12.0107,-525.8044246,54.660695700000005,109.96996920000001
187,HETATM,2192,,C2,,OLC,,A,509,,,-44.506,4.118,7.89,1.0,62.23,,,C,,4909,12.0107,-534.5482142,49.4600626,94.764423
188,HETATM,2193,,C21,,OLC,,A,509,,,-47.774,4.417,6.383,1.0,69.22,,,C,,4910,12.0107,-573.7991818,53.0512619,76.6642981
189,HETATM,2194,,C1,,OLC,,A,509,,,-45.944,4.521,8.082,1.0,71.08,,,C,,4911,12.0107,-551.8196008,54.3003747,97.0704774
190,HETATM,2195,,C22,,OLC,,A,509,,,-48.899,5.251,7.004,1.0,69.01,,,C,,4912,12.0107,-587.3112193000001,63.0681857,84.12294279999999
191,HETATM,2196,,O19,,OLC,,A,509,,,-46.21,5.45,8.828,1.0,72.46,,,O,,4913,15.9994,-739.332274,87.19673,141.2427032
192,HETATM,2197,,O25,,OLC,,A,509,,,-51.269,5.775,6.818,1.0,46.03,,,O,,4914,15.9994,-820.2732385999999,92.396535,109.0839092
193,HETATM,2198,,O23,,OLC,,A,509,,,-49.272,4.728,8.286,1.0,78.98,,,O,,4915,15.9994,-788.3224368,75.6451632,132.5710284
194,HETATM,2199,,O20,,OLC,,A,509,,,-47.035,3.805,7.439,1.0,74.39,,,O,,4916,15.9994,-752.5317789999999,60.877717000000004,119.0195366
195,HETATM,2200,,C1,,OLB,,A,510,,,-43.435,1.485,11.918,1.0,64.76,,,C,,4917,12.0107,-521.6847545,17.8358895,143.14352259999998
196,HETATM,2201,,C2,,OLB,,A,510,,,-42.411,1.29,13.014,1.0,56.29,,,C,,4918,12.0107,-509.3857977,15.493803,156.3072498
197,HETATM,2202,,C3,,OLB,,A,510,,,-41.021,1.369,12.382,1.0,48.91,,,C,,4919,12.0107,-492.6909247,16.4426483,148.7164874
198,HETATM,2203,,C4,,OLB,,A,510,,,-39.892,1.416,13.41,1.0,50.45,,,C,,4920,12.0107,-479.13084440000006,17.0071512,161.063487
199,HETATM,2204,,C5,,OLB,,A,510,,,-38.775,2.35,12.945,1.0,50.35,,,C,,4921,12.0107,-465.71489249999996,28.225145,155.4785115
200,HETATM,2205,,O19,,OLB,,A,510,,,-43.089,1.403,10.756,1.0,66.82,,,O,,4922,15.9994,-689.3981466,22.4471582,172.0895464
201,HETATM,2206,,O20,,OLB,,A,510,,,-44.835,1.799,12.184,1.0,70.88,,,O,,4923,15.9994,-717.333099,28.782920599999997,194.9366896
202,HETATM,2207,,C21,,OLB,,A,510,,,-45.724,0.835,12.761,1.0,72.4,,,C,,4924,12.0107,-549.1772467999999,10.0289345,153.26854269999998
203,HETATM,2208,,C22,,OLB,,A,510,,,-47.166,1.327,12.623,1.0,76.36,,,C,,4925,12.0107,-566.4966761999999,15.9381989,151.6110661
204,HETATM,2209,,O23,,OLB,,A,510,,,-47.395,1.812,11.293,1.0,78.89,,,O,,4926,15.9994,-758.291563,28.9909128,180.68122419999997
205,HETATM,2210,,C24,,OLB,,A,510,,,-48.144,0.194,12.914,1.0,75.06,,,C,,4927,12.0107,-578.2431408,2.3300758,155.1061798
206,HETATM,2211,,O25,,OLB,,A,510,,,-49.455,0.579,12.473,1.0,74.63,,,O,,4928,15.9994,-791.250327,9.263652599999999,199.5605162
207,HETATM,2212,,C6,,OLB,,A,510,,,-37.504,1.595,12.555,1.0,53.3,,,C,,4929,12.0107,-450.44929279999997,19.1570665,150.7943385
208,HETATM,2213,,C7,,OLB,,A,510,,,-36.35,1.884,13.515,1.0,57.11,,,C,,4930,12.0107,-436.588945,22.628158799999998,162.3246105
209,HETATM,2214,,C8,,OLB,,A,510,,,-34.974,1.594,12.904,1.0,64.23,,,C,,4931,12.0107,-420.0622218,19.1450558,154.9860728
210,HETATM,2215,,C9,,OLB,,A,510,,,-33.93,2.429,13.62,1.0,69.01,,,C,,4932,12.0107,-407.523051,29.173990299999996,163.585734
211,HETATM,2216,,C10,,OLB,,A,510,,,-32.612,2.323,13.41,1.0,70.24,,,C,,4933,12.0107,-391.69294840000003,27.9008561,161.063487
212,HETATM,2217,,C11,,OLB,,A,510,,,-32.005,1.358,12.417,1.0,71.33,,,C,,4934,12.0107,-384.40245350000004,16.3105306,149.13686189999999
213,HETATM,2218,,C12,,OLB,,A,510,,,-30.513,1.18,12.709,1.0,70.73,,,C,,4935,12.0107,-366.4824891,14.172626,152.6439863
214,HETATM,2219,,C13,,OLB,,A,510,,,-29.802,0.475,11.553,1.0,70.1,,,C,,4936,12.0107,-357.9428814,5.7050825,138.7596171
215,HETATM,2220,,C14,,OLB,,A,510,,,-28.909,-0.67,12.032,1.0,67.95,,,C,,4937,12.0107,-347.21732629999997,-8.047169,144.5127424
216,HETATM,2221,,C15,,OLB,,A,510,,,-27.484,-0.528,11.502,1.0,63.29,,,C,,4938,12.0107,-330.1020788,-6.3416496,138.14707140000002
217,HETATM,2222,,C16,,OLB,,A,510,,,-26.96,-1.814,10.865,1.0,55.52,,,C,,4939,12.0107,-323.808472,-21.7874098,130.4962555
218,HETATM,2223,,C17,,OLB,,A,510,,,-26.695,-1.602,9.376,1.0,54.78,,,C,,4940,12.0107,-320.6256365,-19.2411414,112.61232319999999
219,HETATM,2224,,C18,,OLB,,A,510,,,-25.481,-2.359,8.886,1.0,51.69,,,C,,4941,12.0107,-306.04464670000004,-28.3332413,106.72708019999999
220,HETATM,2225,,C18,,OLC,,A,511,,,-30.594,-10.417,-8.663,1.0,46.36,,,C,,4942,12.0107,-367.4553558,-125.1154619,-104.0486941
221,HETATM,2226,,C10,,OLC,,A,511,,,-24.284,-14.485,-9.197,1.0,51.15,,,C,,4943,12.0107,-291.66783879999997,-173.9749895,-110.46240789999999
222,HETATM,2227,,C9,,OLC,,A,511,,,-24.065,-15.761,-9.023,1.0,50.95,,,C,,4944,12.0107,-289.03749550000003,-189.3006427,-108.3725461
223,HETATM,2228,,C17,,OLC,,A,511,,,-29.212,-10.999,-8.57,1.0,40.53,,,C,,4945,12.0107,-350.8565684,-132.1056893,-102.93169900000001
224,HETATM,2229,,C11,,OLC,,A,511,,,-23.33,-13.628,-9.962,1.0,52.29,,,C,,4946,12.0107,-280.209631,-163.6818196,-119.65059339999999
225,HETATM,2230,,C8,,OLC,,A,511,,,-22.847,-16.379,-9.604,1.0,47.52,,,C,,4947,12.0107,-274.4084629,-196.7232553,-115.35076279999998
226,HETATM,2231,,C24,,OLC,,A,511,,,-12.496,-17.149,-8.051,1.0,69.68,,,C,,4948,12.0107,-150.0857072,-205.97149430000002,-96.6981457
227,HETATM,2232,,C16,,OLC,,A,511,,,-29.062,-12.252,-9.386,1.0,46.21,,,C,,4949,12.0107,-349.0549634,-147.15509640000002,-112.7324302
228,HETATM,2233,,C12,,OLC,,A,511,,,-24.237,-12.69,-10.713,1.0,58.96,,,C,,4950,12.0107,-291.1033359,-152.415783,-128.67062909999999
229,HETATM,2234,,C7,,OLC,,A,511,,,-22.723,-17.746,-8.999,1.0,46.0,,,C,,4951,12.0107,-272.9191361,-213.14188219999997,-108.08428930000001
230,HETATM,2235,,C15,,OLC,,A,511,,,-27.724,-12.877,-9.07,1.0,54.5,,,C,,4952,12.0107,-332.9846468,-154.66178390000002,-108.937049
231,HETATM,2236,,C13,,OLC,,A,511,,,-25.456,-12.397,-9.858,1.0,63.44,,,C,,4953,12.0107,-305.74437919999997,-148.8966479,-118.4014806
232,HETATM,2237,,C6,,OLC,,A,511,,,-21.327,-17.853,-8.464,1.0,36.71,,,C,,4954,12.0107,-256.15219890000003,-214.4270271,-101.65856480000001
233,HETATM,2238,,C14,,OLC,,A,511,,,-26.774,-13.043,-10.239,1.0,61.45,,,C,,4955,12.0107,-321.5744818,-156.6555601,-122.97755730000002
234,HETATM,2239,,C5,,OLC,,A,511,,,-20.391,-18.152,-9.567,1.0,31.73,,,C,,4956,12.0107,-244.91018369999998,-218.0182264,-114.9063669
235,HETATM,2240,,C4,,OLC,,A,511,,,-19.502,-19.294,-9.207,1.0,33.89,,,C,,4957,12.0107,-234.2326714,-231.7344458,-110.5825149
236,HETATM,2241,,C3,,OLC,,A,511,,,-18.218,-19.191,-9.99,1.0,41.12,,,C,,4958,12.0107,-218.8109326,-230.4973437,-119.986893
237,HETATM,2242,,C2,,OLC,,A,511,,,-17.06,-19.823,-9.268,1.0,51.14,,,C,,4959,12.0107,-204.90254199999998,-238.0881061,-111.31516760000001
238,HETATM,2243,,C21,,OLC,,A,511,,,-13.408,-18.945,-9.517,1.0,66.43,,,C,,4960,12.0107,-161.0394656,-227.5427115,-114.30583189999999
239,HETATM,2244,,C1,,OLC,,A,511,,,-15.746,-19.259,-9.77,1.0,61.95,,,C,,4961,12.0107,-189.1204822,-231.3140713,-117.344539
240,HETATM,2245,,C22,,OLC,,A,511,,,-13.001,-18.555,-8.129,1.0,71.97,,,C,,4962,12.0107,-156.1511107,-222.8585385,-97.6349803
241,HETATM,2246,,O19,,OLC,,A,511,,,-15.671,-18.319,-10.508,1.0,67.06,,,O,,4963,15.9994,-250.72659739999997,-293.09300859999996,-168.12169519999998
242,HETATM,2247,,O25,,OLC,,A,511,,,-11.853,-17.116,-6.777,1.0,67.21,,,O,,4964,15.9994,-189.64088819999998,-273.8457304,-108.4279338
243,HETATM,2248,,O23,,OLC,,A,511,,,-14.126,-18.631,-7.276,1.0,75.39,,,O,,4965,15.9994,-226.0075244,-298.0848214,-116.4116344
244,HETATM,2249,,O20,,OLC,,A,511,,,-14.5,-19.814,-9.369,1.0,62.33,,,O,,4966,15.9994,-231.9913,-317.01211159999997,-149.8983786
245,HETATM,2250,,C18,,OLC,,A,512,,,-33.63,-15.531,-13.312,1.0,44.28,,,C,,4967,12.0107,-403.919841,-186.5381817,-159.8864384
246,HETATM,2251,,C10,,OLC,,A,512,,,-30.332,-21.448,-10.847,1.0,67.85,,,C,,4968,12.0107,-364.3085524,-257.6054936,-130.2800629
247,HETATM,2252,,C9,,OLC,,A,512,,,-29.165,-21.195,-10.252,1.0,62.98,,,C,,4969,12.0107,-350.2920655,-254.5667865,-123.1336964
248,HETATM,2253,,C17,,OLC,,A,512,,,-33.029,-16.7,-14.065,1.0,47.27,,,C,,4970,12.0107,-396.7014103,-200.57869,-168.9304955
249,HETATM,2254,,C11,,OLC,,A,512,,,-30.704,-20.864,-12.19,1.0,70.21,,,C,,4971,12.0107,-368.7765328,-250.5912448,-146.41043299999998
250,HETATM,2255,,C8,,OLC,,A,512,,,-28.12,-20.3,-10.879,1.0,55.52,,,C,,4972,12.0107,-337.740884,-243.81721000000002,-130.6644053
251,HETATM,2256,,C24,,OLC,,A,512,,,-15.766,-23.497,-9.531,1.0,76.17,,,C,,4973,12.0107,-189.3606962,-282.2154179,-114.47398170000001
252,HETATM,2257,,C16,,OLC,,A,512,,,-34.094,-17.603,-14.682,1.0,46.35,,,C,,4974,12.0107,-409.4928058,-211.42435210000002,-176.3410974
253,HETATM,2258,,C12,,OLC,,A,512,,,-31.812,-21.709,-12.823,1.0,69.37,,,C,,4975,12.0107,-382.0843884,-260.7402863,-154.0132061
254,HETATM,2259,,C7,,OLC,,A,512,,,-26.834,-20.318,-10.046,1.0,53.18,,,C,,4976,12.0107,-322.2951238,-244.03340260000002,-120.65949219999999
255,HETATM,2260,,C15,,OLC,,A,512,,,-34.29,-18.882,-13.867,1.0,55.51,,,C,,4977,12.0107,-411.846903,-226.78603740000003,-166.5523769
256,HETATM,2261,,C13,,OLC,,A,512,,,-33.136,-20.95,-12.928,1.0,66.98,,,C,,4978,12.0107,-397.98655520000005,-251.62416499999998,-155.27432960000002
257,HETATM,2262,,C6,,OLC,,A,512,,,-26.057,-21.629,-10.176,1.0,53.96,,,C,,4979,12.0107,-312.96280989999997,-259.7794303,-122.2208832
258,HETATM,2263,,C14,,OLC,,A,512,,,-33.007,-19.712,-13.813,1.0,62.28,,,C,,4980,12.0107,-396.43717489999995,-236.7549184,-165.90379910000001
259,HETATM,2264,,C5,,OLC,,A,512,,,-24.55,-21.388,-10.142,1.0,53.79,,,C,,4981,12.0107,-294.862685,-256.8848516,-121.8125194
260,HETATM,2265,,C4,,OLC,,A,512,,,-23.768,-22.652,-9.791,1.0,53.82,,,C,,4982,12.0107,-285.4703176,-272.0663764,-117.5967637
261,HETATM,2266,,C3,,OLC,,A,512,,,-22.303,-22.535,-10.216,1.0,55.6,,,C,,4983,12.0107,-267.8746421,-270.6611245,-122.70131119999999
262,HETATM,2267,,C2,,OLC,,A,512,,,-21.35,-23.168,-9.204,1.0,61.39,,,C,,4984,12.0107,-256.428445,-278.2638976,-110.5464828
263,HETATM,2268,,C21,,OLC,,A,512,,,-18.006,-24.091,-8.599,1.0,76.57,,,C,,4985,12.0107,-216.2646642,-289.3497737,-103.2800093
264,HETATM,2269,,C1,,OLC,,A,512,,,-20.084,-23.605,-9.903,1.0,69.16,,,C,,4986,12.0107,-241.2228988,-283.51257350000003,-118.94196210000001
265,HETATM,2270,,C22,,OLC,,A,512,,,-16.821,-24.595,-9.417,1.0,76.86,,,C,,4987,12.0107,-202.0319847,-295.4031665,-113.1047619
266,HETATM,2271,,O19,,OLC,,A,512,,,-20.15,-24.293,-10.905,1.0,71.6,,,O,,4988,15.9994,-322.38791,-388.6734242,-174.473457
267,HETATM,2272,,O25,,OLC,,A,512,,,-14.76,-23.89,-10.479,1.0,74.22,,,O,,4989,15.9994,-236.151144,-382.225666,-167.6577126
268,HETATM,2273,,O23,,OLC,,A,512,,,-16.261,-25.748,-8.783,1.0,76.17,,,O,,4990,15.9994,-260.1662434,-411.9525512,-140.52273019999998
269,HETATM,2274,,O20,,OLC,,A,512,,,-18.761,-23.21,-9.436,1.0,75.99,,,O,,4991,15.9994,-300.16474339999996,-371.346074,-150.9703384
270,HETATM,2275,,C10,,OLC,,A,513,,,-24.611,-2.915,-9.105,1.0,59.22,,,C,,4992,12.0107,-295.5953377,-35.0111905,-109.35742350000001
271,HETATM,2276,,C9,,OLC,,A,513,,,-23.36,-2.904,-8.669,1.0,56.7,,,C,,4993,12.0107,-280.569952,-34.879072799999996,-104.1207583
272,HETATM,2277,,C11,,OLC,,A,513,,,-25.062,-2.162,-10.312,1.0,60.44,,,C,,4994,12.0107,-301.0121634,-25.967133399999998,-123.85433839999999
273,HETATM,2278,,C8,,OLC,,A,513,,,-22.223,-2.173,-9.312,1.0,50.4,,,C,,4995,12.0107,-266.9137861,-26.0992511,-111.84363839999999
274,HETATM,2279,,C24,,OLC,,A,513,,,-9.839,-4.647,-4.99,1.0,66.87,,,C,,4996,12.0107,-118.17327730000001,-55.8137229,-59.933393
275,HETATM,2280,,C7,,OLC,,A,513,,,-20.951,-3.002,-9.221,1.0,43.45,,,C,,4997,12.0107,-251.6361757,-36.056121399999995,-110.7506647
276,HETATM,2281,,C6,,OLC,,A,513,,,-19.804,-2.223,-8.623,1.0,33.79,,,C,,4998,12.0107,-237.8599028,-26.699786099999997,-103.56826609999999
277,HETATM,2282,,C5,,OLC,,A,513,,,-18.425,-2.749,-8.939,1.0,30.75,,,C,,4999,12.0107,-221.2971475,-33.0174143,-107.3636473
278,HETATM,2283,,C4,,OLC,,A,513,,,-17.432,-2.035,-8.069,1.0,31.47,,,C,,5000,12.0107,-209.37052239999997,-24.4417745,-96.91433830000001
279,HETATM,2284,,C3,,OLC,,A,513,,,-16.051,-2.634,-8.112,1.0,33.62,,,C,,5001,12.0107,-192.78374569999997,-31.636183799999998,-97.4307984
280,HETATM,2285,,C2,,OLC,,A,513,,,-15.604,-3.177,-6.771,1.0,39.9,,,C,,5002,12.0107,-187.41496279999998,-38.1579939,-81.3244497
281,HETATM,2286,,C21,,OLC,,A,513,,,-11.91,-3.637,-5.842,1.0,68.82,,,C,,5003,12.0107,-143.047437,-43.6829159,-70.1665094
282,HETATM,2287,,C1,,OLC,,A,513,,,-14.114,-3.218,-6.795,1.0,61.3,,,C,,5004,12.0107,-169.5190198,-38.6504326,-81.6127065
283,HETATM,2288,,C22,,OLC,,A,513,,,-11.249,-4.19,-4.617,1.0,72.29,,,C,,5005,12.0107,-135.1083643,-50.324833000000005,-55.4534019
284,HETATM,2289,,O19,,OLC,,A,513,,,-13.52,-2.912,-7.81,1.0,71.56,,,O,,5006,15.9994,-216.31188799999998,-46.590252799999995,-124.95531399999999
285,HETATM,2290,,O25,,OLC,,A,513,,,-9.688,-6.059,-4.903,1.0,56.27,,,O,,5007,15.9994,-155.0021872,-96.9403646,-78.44505819999999
286,HETATM,2291,,O23,,OLC,,A,513,,,-11.257,-3.161,-3.624,1.0,75.91,,,O,,5008,15.9994,-180.10524579999998,-50.5741034,-57.9818256
287,HETATM,2292,,O20,,OLC,,A,513,,,-13.31,-3.592,-5.653,1.0,66.19,,,O,,5009,15.9994,-212.952014,-57.4698448,-90.44460819999999
288,HETATM,2293,,C18,,OLC,,A,514,,,-34.847,-17.106,-8.166,1.0,44.19,,,C,,5010,12.0107,-418.5368629,-205.45503420000003,-98.0793762
289,HETATM,2294,,C10,,OLC,,A,514,,,-31.545,-24.552,-5.415,1.0,58.22,,,C,,5011,12.0107,-378.87753150000003,-294.8867064,-65.0379405
290,HETATM,2295,,C9,,OLC,,A,514,,,-30.515,-24.956,-4.653,1.0,53.15,,,C,,5012,12.0107,-366.5065105,-299.7390292,-55.885787099999995
291,HETATM,2296,,C17,,OLC,,A,514,,,-34.976,-18.588,-8.424,1.0,43.38,,,C,,5013,12.0107,-420.0862432,-223.2548916,-101.17813679999999
292,HETATM,2297,,C11,,OLC,,A,514,,,-31.467,-23.911,-6.784,1.0,56.38,,,C,,5014,12.0107,-377.9406969,-287.1878477,-81.48058879999999
293,HETATM,2298,,C8,,OLC,,A,514,,,-29.049,-24.833,-5.0,1.0,50.41,,,C,,5015,12.0107,-348.8988243,-298.26171309999995,-60.0535
294,HETATM,2299,,C24,,OLC,,A,514,,,-17.14,-26.506,-4.179,1.0,74.32,,,C,,5016,12.0107,-205.86339800000002,-318.3556142,-50.1927153
295,HETATM,2300,,C16,,OLC,,A,514,,,-33.65,-19.317,-8.237,1.0,43.02,,,C,,5017,12.0107,-404.160055,-232.0106919,-98.9321359
296,HETATM,2301,,C12,,OLC,,A,514,,,-32.834,-23.933,-7.461,1.0,51.16,,,C,,5018,12.0107,-394.3593238,-287.4520831,-89.61183270000001
297,HETATM,2302,,C7,,OLC,,A,514,,,-28.825,-24.859,-6.504,1.0,51.67,,,C,,5019,12.0107,-346.20842749999997,-298.57399130000005,-78.1175928
298,HETATM,2303,,C15,,OLC,,A,514,,,-33.865,-20.817,-8.422,1.0,44.66,,,C,,5020,12.0107,-406.74235550000003,-250.0267419,-101.15411540000001
299,HETATM,2304,,C13,,OLC,,A,514,,,-32.801,-23.074,-8.72,1.0,50.41,,,C,,5021,12.0107,-393.9629707,-277.1348918,-104.733304
300,HETATM,2305,,C6,,OLC,,A,514,,,-27.666,-25.758,-6.907,1.0,51.07,,,C,,5022,12.0107,-332.2880262,-309.3716106,-82.9579049
301,HETATM,2306,,C14,,OLC,,A,514,,,-32.562,-21.604,-8.377,1.0,45.88,,,C,,5023,12.0107,-391.09241339999994,-259.4791628,-100.61363390000001
302,HETATM,2307,,C5,,OLC,,A,514,,,-26.385,-24.957,-7.101,1.0,45.55,,,C,,5024,12.0107,-316.90231950000003,-299.7510399,-85.2879807
303,HETATM,2308,,C4,,OLC,,A,514,,,-25.202,-25.842,-6.742,1.0,43.61,,,C,,5025,12.0107,-302.6936614,-310.3805094,-80.9761394
304,HETATM,2309,,C3,,OLC,,A,514,,,-23.905,-25.049,-6.72,1.0,46.53,,,C,,5026,12.0107,-287.1157835,-300.8560243,-80.71190399999999
305,HETATM,2310,,C2,,OLC,,A,514,,,-23.008,-25.568,-5.605,1.0,53.85,,,C,,5027,12.0107,-276.3421856,-307.08957760000004,-67.3199735
306,HETATM,2311,,C21,,OLC,,A,514,,,-19.218,-25.878,-5.406,1.0,71.54,,,C,,5028,12.0107,-230.8216326,-310.8128946,-64.92984419999999
307,HETATM,2312,,C1,,OLC,,A,514,,,-21.592,-25.645,-6.112,1.0,64.8,,,C,,5029,12.0107,-259.3350344,-308.0144015,-73.4093984
308,HETATM,2313,,C22,,OLC,,A,514,,,-18.33,-27.033,-4.969,1.0,74.23,,,C,,5030,12.0107,-220.156131,-324.6852531,-59.6811683
309,HETATM,2314,,O19,,OLC,,A,514,,,-21.286,-25.143,-7.178,1.0,69.15,,,O,,5031,15.9994,-340.5632284,-402.2729142,-114.84369319999999
310,HETATM,2315,,O25,,OLC,,A,514,,,-16.652,-27.558,-3.333,1.0,76.57,,,O,,5032,15.9994,-266.4220088,-440.9114652,-53.3260002
311,HETATM,2316,,O23,,OLC,,A,514,,,-19.099,-27.919,-4.145,1.0,74.65,,,O,,5033,15.9994,-305.57254059999997,-446.6872486,-66.31751299999999
312,HETATM,2317,,O20,,OLC,,A,514,,,-20.567,-26.345,-5.358,1.0,68.89,,,O,,5034,15.9994,-329.0596598,-421.504193,-85.7247852
313,HETATM,2318,,O,,HOH,,A,601,,,-30.886,-9.02,1.788,1.0,13.65,,,O,,5035,15.9994,-494.15746839999997,-144.314588,28.6069272
314,HETATM,2319,,O,,HOH,,A,602,,,-39.385,-12.005,4.752,1.0,20.96,,,O,,5036,15.9994,-630.136369,-192.072797,76.0291488
315,HETATM,2320,,O,,HOH,,A,603,,,-29.182,-16.392,3.929,1.0,22.09,,,O,,5037,15.9994,-466.89449079999997,-262.2621648,62.861642599999996
316,HETATM,2321,,O,,HOH,,A,604,,,-42.427,-10.302,2.037,1.0,17.55,,,O,,5038,15.9994,-678.8065438,-164.82581879999998,32.5907778
317,HETATM,2322,,O,,HOH,,A,605,,,-44.044,-16.623,4.866,1.0,27.45,,,O,,5039,15.9994,-704.6775736,-265.9580262,77.8530804
318,HETATM,2323,,O,,HOH,,A,606,,,-29.865,-23.13,4.596,1.0,18.96,,,O,,5040,15.9994,-477.82208099999997,-370.06612199999995,73.5332424
319,HETATM,2324,,O,,HOH,,A,607,,,-24.775,-15.869,8.264,1.0,26.94,,,O,,5041,15.9994,-396.385135,-253.89447859999999,132.2190416
320,HETATM,2325,,O,,HOH,,A,608,,,-27.825,-8.059,4.518,1.0,15.8,,,O,,5042,15.9994,-445.18330499999996,-128.9391646,72.2852892
321,HETATM,2326,,O,,HOH,,A,609,,,-17.546,-25.905,9.108,1.0,19.64,,,O,,5043,15.9994,-280.7254724,-414.464457,145.7225352
322,HETATM,2327,,O,,HOH,,A,610,,,-14.674,-21.601,2.739,1.0,31.87,,,O,,5044,15.9994,-234.7751956,-345.6030394,43.8223566
323,HETATM,2328,,O,,HOH,,A,611,,,-29.022,-22.554,15.322,1.0,25.09,,,O,,5045,15.9994,-464.33458679999995,-360.85046759999994,245.1428068
324,HETATM,2329,,O,,HOH,,A,612,,,-33.282,-21.232,16.389,1.0,23.64,,,O,,5046,15.9994,-532.4920308,-339.6992608,262.2141666
325,HETATM,2330,,O,,HOH,,A,613,,,-30.211,-18.662,18.132,1.0,22.53,,,O,,5047,15.9994,-483.35787339999996,-298.58080279999996,290.1011208
326,HETATM,2331,,O,,HOH,,A,614,,,-32.883,-21.197,6.609,1.0,44.76,,,O,,5048,15.9994,-526.1082702,-339.1392818,105.7400346
327,HETATM,2332,,O,,HOH,,A,615,,,-34.309,-17.584,6.062,1.0,23.59,,,O,,5049,15.9994,-548.9234146,-281.3334496,96.9883628
328,HETATM,2333,,O,,HOH,,A,616,,,-23.52,-8.694,1.313,1.0,15.15,,,O,,5050,15.9994,-376.305888,-139.09878360000002,21.007212199999998
329,HETATM,2334,,O,,HOH,,A,617,,,-40.728,-21.728,1.602,1.0,21.05,,,O,,5051,15.9994,-651.6235632,-347.6349632,25.631038800000002
330,HETATM,2335,,O,,HOH,,A,618,,,-41.579,-18.185,1.141,1.0,16.01,,,O,,5052,15.9994,-665.2390526,-290.94908899999996,18.2553154
331,HETATM,2336,,O,,HOH,,A,619,,,-46.604,-15.109,5.648,1.0,18.16,,,O,,5053,15.9994,-745.6360376,-241.7349346,90.3646112
332,HETATM,2337,,O,,HOH,,A,620,,,-48.133,-19.039,6.887,1.0,47.0,,,O,,5054,15.9994,-770.0991202,-304.6125766,110.18786779999999
333,HETATM,2338,,O,,HOH,,A,621,,,-17.989,-11.273,11.611,1.0,20.7,,,O,,5055,15.9994,-287.8132066,-180.36123619999998,185.7690334
334,HETATM,2339,,O,,HOH,,A,622,,,-18.606,-13.323,13.263,1.0,23.14,,,O,,5056,15.9994,-297.6848364,-213.1600062,212.20004219999998
335,HETATM,2340,,O,,HOH,,A,623,,,-35.691,-14.496,10.02,1.0,36.15,,,O,,5057,15.9994,-571.0345854000001,-231.9273024,160.313988
336,HETATM,2341,,O,,HOH,,A,624,,,-22.977,-20.325,18.428,1.0,16.98,,,O,,5058,15.9994,-367.6182138,-325.18780499999997,294.8369432
337,HETATM,2342,,O,,HOH,,A,625,,,-20.396,-19.836,17.693,1.0,21.85,,,O,,5059,15.9994,-326.3237624,-317.3640984,283.07738420000004
338,HETATM,2343,,O,,HOH,,A,626,,,-16.776,-18.05,6.46,1.0,26.82,,,O,,5060,15.9994,-268.4059344,-288.78917,103.356124
339,HETATM,2344,,O,,HOH,,A,627,,,-14.947,-20.264,5.85,1.0,33.69,,,O,,5061,15.9994,-239.1430318,-324.21184159999996,93.59648999999999
340,HETATM,2345,,O,,HOH,,A,628,,,-30.441,-17.664,-0.068,1.0,28.85,,,O,,5062,15.9994,-487.0377354,-282.61340160000003,-1.0879592
341,HETATM,2346,,O,,HOH,,A,629,,,-53.132,-6.881,3.716,1.0,26.3,,,O,,5063,15.9994,-850.0801207999999,-110.0918714,59.4537704
342,HETATM,2347,,O,,HOH,,A,630,,,-37.678,-10.738,8.602,1.0,19.8,,,O,,5064,15.9994,-602.8253931999999,-171.8015572,137.6268388
343,HETATM,2348,,O,,HOH,,A,631,,,-29.768,-18.631,5.89,1.0,40.19,,,O,,5065,15.9994,-476.2701392,-298.0848214,94.236466
344,HETATM,2349,,O,,HOH,,A,632,,,-27.692,-18.601,14.085,1.0,37.69,,,O,,5066,15.9994,-443.0553848,-297.6048394,225.351549
345,HETATM,2350,,O,,HOH,,A,633,,,-23.899,-16.341,12.251,1.0,43.5,,,O,,5067,15.9994,-382.36966060000003,-261.4461954,196.0086494
346,HETATM,2351,,O,,HOH,,A,634,,,-24.833,-18.125,15.289,1.0,32.97,,,O,,5068,15.9994,-397.31310019999995,-289.989125,244.6148266
347,HETATM,2352,,O,,HOH,,A,635,,,-13.334,-20.21,9.269,1.0,33.36,,,O,,5069,15.9994,-213.33599959999998,-323.347874,148.2984386
348,HETATM,2353,,O,,HOH,,A,636,,,-19.143,-16.441,11.7,1.0,21.04,,,O,,5070,15.9994,-306.2765142,-263.04613539999997,187.19297999999998
349,HETATM,2354,,O,,HOH,,A,637,,,-22.616,-18.341,10.507,1.0,30.49,,,O,,5071,15.9994,-361.8424304,-293.4449954,168.10569579999998
350,HETATM,2355,,O,,HOH,,A,638,,,-18.899,-20.317,6.539,1.0,35.75,,,O,,5072,15.9994,-302.3726606,-325.0598098,104.62007659999999
351,HETATM,2356,,O,,HOH,,A,639,,,-12.327,-19.335,5.673,1.0,34.91,,,O,,5073,15.9994,-197.22460379999998,-309.34839900000003,90.7645962
352,HETATM,2357,,O,,HOH,,A,640,,,-11.207,-17.107,5.848,1.0,35.87,,,O,,5074,15.9994,-179.3052758,-273.7017358,93.56449119999999
353,HETATM,2358,,O,,HOH,,A,641,,,-9.593,-16.912,2.482,1.0,50.14,,,O,,5075,15.9994,-153.4822442,-270.5818528,39.7105108
354,HETATM,2359,,O,,HOH,,A,642,,,-13.874,-28.367,-0.61,1.0,37.05,,,O,,5076,15.9994,-221.97567560000002,-453.8549798,-9.759634
355,HETATM,2360,,O,,HOH,,A,643,,,-16.418,-22.706,-4.756,1.0,48.42,,,O,,5077,15.9994,-262.6781492,-363.2823764,-76.0931464
356,HETATM,2361,,O,,HOH,,A,644,,,-10.188,-11.286,11.78,1.0,27.3,,,O,,5078,15.9994,-163.0018872,-180.5692284,188.472932
357,HETATM,2362,,O,,HOH,,A,645,,,-13.097,-6.38,14.4,1.0,26.07,,,O,,5079,15.9994,-209.54414179999998,-102.076172,230.39136
358,HETATM,2363,,O,,HOH,,A,646,,,-29.595,-19.793,15.679,1.0,32.25,,,O,,5080,15.9994,-473.50224299999996,-316.6761242,250.8545926
359,HETATM,2364,,O,,HOH,,A,647,,,-25.922,-15.628,17.189,1.0,25.41,,,O,,5081,15.9994,-414.7364468,-250.0386232,275.01368659999997
360,HETATM,2365,,O,,HOH,,A,648,,,-47.107,-27.122,-0.878,1.0,41.16,,,O,,5082,15.9994,-753.6837358,-433.9357268,-14.047473199999999
361,HETATM,2366,,O,,HOH,,A,649,,,-48.566,-16.994,5.302,1.0,25.01,,,O,,5083,15.9994,-777.0268604,-271.8938036,84.8288188
362,HETATM,2367,,O,,HOH,,A,650,,,-41.215,-19.76,3.342,1.0,29.38,,,O,,5084,15.9994,-659.4152710000001,-316.148144,53.4699948
363,HETATM,2368,,O,,HOH,,A,651,,,-44.208,-17.485,0.971,1.0,25.71,,,O,,5085,15.9994,-707.3014751999999,-279.749509,15.5354174
364,HETATM,2369,,O,,HOH,,A,652,,,-26.139,-9.935,5.919,1.0,17.69,,,O,,5086,15.9994,-418.2083166,-158.954039,94.70044859999999
365,HETATM,2370,,O,,HOH,,A,653,,,-57.318,-18.984,-2.075,1.0,40.55,,,O,,5087,15.9994,-917.0536092,-303.73260960000005,-33.198755000000006
366,HETATM,2371,,O,,HOH,,A,654,,,-20.95,-19.815,7.912,1.0,44.54,,,O,,5088,15.9994,-335.18743,-317.028111,126.5872528
367,HETATM,2372,,O,,HOH,,A,655,,,-23.087,-19.047,7.19,1.0,23.38,,,O,,5089,15.9994,-369.37814779999997,-304.7405718,115.035686
368,HETATM,2373,,O,,HOH,,A,656,,,-27.623,-16.689,7.824,1.0,49.34,,,O,,5090,15.9994,-441.9514262,-267.0139866,125.17930559999999
369,HETATM,2374,,O,,HOH,,A,657,,,-44.961,-18.787,14.287,1.0,34.8,,,O,,5091,15.9994,-719.3490234,-300.5807278,228.5834278
370,HETATM,2375,,O,,HOH,,A,658,,,-38.958,-17.444,17.057,1.0,30.52,,,O,,5092,15.9994,-623.3046251999999,-279.0935336,272.90176579999996
371,HETATM,2376,,O,,HOH,,A,659,,,-38.048,-17.112,14.689,1.0,29.38,,,O,,5093,15.9994,-608.7451712,-273.7817328,235.0151866
372,HETATM,2377,,O,,HOH,,A,660,,,-37.037,-14.266,13.951,1.0,28.27,,,O,,5094,15.9994,-592.5697778,-228.2474404,223.2076294
373,HETATM,2378,,O,,HOH,,A,661,,,-38.204,-10.534,15.045,1.0,20.04,,,O,,5095,15.9994,-611.2410776,-168.53767960000002,240.710973
374,HETATM,2379,,O,,HOH,,A,662,,,-12.156,-2.964,0.022,1.0,35.51,,,O,,5096,15.9994,-194.4887064,-47.4222216,0.3519868
375,HETATM,2380,,O,,HOH,,A,663,,,-33.531,-8.516,1.54,1.0,14.38,,,O,,5097,15.9994,-536.4758813999999,-136.2508904,24.639076
376,HETATM,2381,,O,,HOH,,A,664,,,-45.041,-18.679,3.32,1.0,45.22,,,O,,5098,15.9994,-720.6289754,-298.8527926,53.118007999999996
377,HETATM,2382,,O,,HOH,,A,665,,,-44.082,-19.648,-9.57,1.0,43.47,,,O,,5099,15.9994,-705.2855508,-314.35621119999996,-153.114258
378,HETATM,2383,,O,,HOH,,A,666,,,-45.79,-26.593,-3.066,1.0,22.4,,,O,,5100,15.9994,-732.612526,-425.47204419999997,-49.054160399999994
379,HETATM,2384,,O,,HOH,,A,667,,,-47.847,-12.154,-5.537,1.0,25.3,,,O,,5101,15.9994,-765.5232918,-194.4567076,-88.5886778
380,HETATM,2385,,O,,HOH,,A,668,,,-8.979,-8.378,13.512,1.0,41.3,,,O,,5102,15.9994,-143.6586126,-134.0429732,216.1838928
381,HETATM,2386,,O,,HOH,,A,669,,,-54.329,-3.03,-1.482,1.0,46.12,,,O,,5103,15.9994,-869.2314026,-48.478182,-23.7111108
382,HETATM,2387,,O,,HOH,,A,670,,,-55.227,-4.284,2.21,1.0,46.36,,,O,,5104,15.9994,-883.5988637999999,-68.5414296,35.358674
383,HETATM,2388,,O,,HOH,,A,671,,,-52.43,-3.618,2.271,1.0,39.25,,,O,,5105,15.9994,-838.848542,-57.885829199999996,36.3346374
384,HETATM,2389,,O,,HOH,,A,672,,,-52.504,-1.753,1.024,1.0,50.57,,,O,,5106,15.9994,-840.0324975999999,-28.0469482,16.3833856
385,HETATM,2390,,O,,HOH,,A,673,,,-51.525,-0.675,3.404,1.0,44.22,,,O,,5107,15.9994,-824.3690849999999,-10.799595,54.4619576
386,HETATM,2391,,O,,HOH,,A,674,,,-42.018,-7.985,-0.533,1.0,34.9,,,O,,5108,15.9994,-672.2627892,-127.75520900000001,-8.5276802
387,HETATM,2392,,O,,HOH,,A,675,,,-25.975,-20.865,12.406,1.0,34.28,,,O,,5109,15.9994,-415.58441500000004,-333.827481,198.4885564
388,HETATM,2393,,O,,HOH,,A,676,,,-29.995,-15.662,8.36,1.0,41.29,,,O,,5110,15.9994,-479.902003,-250.58260280000002,133.75498399999998
389,HETATM,2394,,O,,HOH,,A,677,,,-11.185,-16.841,22.455,1.0,52.79,,,O,,5111,15.9994,-178.953289,-269.4458954,359.26652699999994
390,HETATM,2395,,O,,HOH,,A,678,,,-49.136,-12.213,12.122,1.0,35.28,,,O,,5112,15.9994,-786.1465184,-195.40067219999997,193.94472679999998
391,HETATM,2396,,O,,HOH,,A,679,,,-58.282,-16.047,9.773,0.5,44.11,,,O,,5113,15.9994,-932.4770308,-256.7423718,156.36213619999998
392,HETATM,2397,,O,,HOH,,A,680,,,-53.273,-7.901,16.527,1.0,40.74,,,O,,5114,15.9994,-852.3360362000001,-126.41125939999999,264.4220838
393,HETATM,2398,,O,,HOH,,A,681,,,-54.028,-5.92,13.863,1.0,29.63,,,O,,5115,15.9994,-864.4155832,-94.716448,221.79968219999998
394,HETATM,2399,,O,,HOH,,A,682,,,-13.621,-22.57,10.986,1.0,25.16,,,O,,5116,15.9994,-217.9278274,-361.106458,175.7694084
395,HETATM,2400,,O,,HOH,,A,683,,,-9.344,-34.046,7.363,1.0,34.83,,,O,,5117,15.9994,-149.49839359999999,-544.7155723999999,117.80358220000001
396,HETATM,2401,,O,,HOH,,A,684,,,-10.442,-33.576,14.4,1.0,29.66,,,O,,5118,15.9994,-167.0657348,-537.1958544,230.39136
397,HETATM,2402,,O,,HOH,,A,685,,,-12.47,-21.938,19.387,1.0,30.32,,,O,,5119,15.9994,-199.512518,-350.99483719999995,310.1803678
398,HETATM,2403,,O,,HOH,,A,686,,,-44.087,-21.23,18.731,1.0,32.91,,,O,,5120,15.9994,-705.3655478000001,-339.667262,299.6847614
399,HETATM,2404,,O,,HOH,,A,687,,,-38.094,-13.84,11.402,1.0,44.34,,,O,,5121,15.9994,-609.4811436,-221.431696,182.4251588
400,HETATM,2405,,O,,HOH,,A,688,,,-35.48,-17.227,14.393,1.0,30.78,,,O,,5122,15.9994,-567.6587119999999,-275.6216638,230.2793642
401,HETATM,2406,,O,,HOH,,A,689,,,-26.054,-19.616,9.864,1.0,37.34,,,O,,5123,15.9994,-416.84836759999996,-313.8442304,157.8180816
402,HETATM,2407,,O,,HOH,,A,690,,,-10.642,-8.764,7.585,1.0,33.17,,,O,,5124,15.9994,-170.26561479999998,-140.2187416,121.355449
403,HETATM,2408,,O,,HOH,,A,691,,,-60.29,-14.08,-3.347,1.0,42.86,,,O,,5125,15.9994,-964.6038259999999,-225.27155199999999,-53.5499918
404,HETATM,2409,,O,,HOH,,A,692,,,-53.984,-24.263,-4.266,1.0,67.89,,,O,,5126,15.9994,-863.7116096,-388.1934422,-68.2534404
405,HETATM,2410,,O,,HOH,,A,693,,,-53.624,-25.369,-0.357,1.0,49.98,,,O,,5127,15.9994,-857.9518256,-405.88877859999997,-5.7117857999999995
406,HETATM,2411,,O,,HOH,,A,694,,,-48.444,-19.844,3.747,1.0,41.13,,,O,,5128,15.9994,-775.0749336,-317.49209360000003,59.949751799999994
407,HETATM,2412,,O,,HOH,,A,695,,,-43.062,-27.473,5.854,1.0,37.51,,,O,,5129,15.9994,-688.9661627999999,-439.5515162,93.6604876
408,HETATM,2413,,O,,HOH,,A,696,,,-39.457,-17.839,12.024,1.0,37.64,,,O,,5130,15.9994,-631.2883258,-285.41329659999997,192.37678559999998
409,HETATM,2414,,O,,HOH,,A,697,,,-34.504,-18.716,11.142,1.0,43.86,,,O,,5131,15.9994,-552.0432976,-299.44477040000004,178.2653148
410,HETATM,2415,,O,,HOH,,A,698,,,-12.239,-17.855,-3.832,1.0,44.07,,,O,,5132,15.9994,-195.81665660000002,-285.669287,-61.309700799999995
411,HETATM,2416,,O,,HOH,,A,699,,,-46.853,-4.465,2.024,1.0,32.93,,,O,,5133,15.9994,-749.6198882,-71.437321,32.3827856
412,HETATM,2417,,O,,HOH,,A,700,,,-50.862,-1.218,-1.923,1.0,48.92,,,O,,5134,15.9994,-813.7614828000001,-19.4872692,-30.7668462
413,HETATM,2418,,O,,HOH,,A,701,,,-48.153,-10.078,-10.308,1.0,45.07,,,O,,5135,15.9994,-770.4191082,-161.24195319999998,-164.9218152
414,HETATM,2419,,O,,HOH,,A,702,,,-15.708,-21.574,22.539,1.0,39.27,,,O,,5136,15.9994,-251.3185752,-345.17105560000005,360.6104766
415,HETATM,2420,,O,,HOH,,A,703,,,-17.645,-25.925,23.548,1.0,39.87,,,O,,5137,15.9994,-282.309413,-414.784445,376.75387119999994
416,HETATM,2421,,O,,HOH,,A,704,,,-53.534,0.834,8.898,1.0,52.75,,,O,,5138,15.9994,-856.5118795999999,13.3434996,142.3626612
417,HETATM,2422,,O,,HOH,,A,705,,,-6.642,-30.339,12.056,1.0,61.34,,,O,,5139,15.9994,-106.2680148,-485.4057966,192.88876639999998
418,HETATM,2423,,O,,HOH,,A,706,,,-9.563,-20.753,16.058,1.0,38.08,,,O,,5140,15.9994,-153.00226220000002,-332.0355482,256.9183652
419,HETATM,2424,,O,,HOH,,A,707,,,-7.877,-16.704,-2.213,1.0,47.9,,,O,,5141,15.9994,-126.02727379999999,-267.2539776,-35.4066722
420,HETATM,2425,,O,,HOH,,A,708,,,-16.86,-20.539,-6.136,1.0,42.76,,,O,,5142,15.9994,-269.749884,-328.6116766,-98.1723184
421,HETATM,2426,,O,,HOH,,A,709,,,-34.431,-16.152,11.226,1.0,73.43,,,O,,5143,15.9994,-550.8753413999999,-258.4223088,179.6092644
422,HETATM,2427,,O,,HOH,,A,710,,,-41.438,-21.375,13.204,1.0,30.27,,,O,,5144,15.9994,-662.9831372,-341.987175,211.2560776
423,HETATM,2428,,O,,HOH,,A,711,,,-44.681,-21.817,-9.465,1.0,40.38,,,O,,5145,15.9994,-714.8691914,-349.0589098,-151.43432099999998
424,HETATM,2429,,O,,HOH,,A,712,,,-51.379,-24.644,-6.985,1.0,49.15,,,O,,5146,15.9994,-822.0331726,-394.2892136,-111.755809
425,HETATM,2430,,O,,HOH,,A,713,,,-10.608,-2.554,1.803,1.0,46.72,,,O,,5147,15.9994,-169.7216352,-40.862467599999995,28.846918199999998
426,HETATM,2431,,O,,HOH,,A,714,,,-27.621,-18.911,7.898,1.0,57.07,,,O,,5148,15.9994,-441.91942739999996,-302.5646534,126.3632612
427,HETATM,2432,,O,,HOH,,A,715,,,-42.562,-20.492,15.273,1.0,41.18,,,O,,5149,15.9994,-680.9664627999999,-327.85970480000003,244.35883619999998
428,HETATM,2433,,O,,HOH,,A,716,,,-41.254,-19.552,13.917,1.0,40.45,,,O,,5150,15.9994,-660.0392476,-312.8202688,222.6636498
429,HETATM,2434,,O,,HOH,,A,717,,,-5.636,-10.624,-2.352,1.0,61.16,,,O,,5151,15.9994,-90.1726184,-169.9776256,-37.6305888
430,HETATM,2435,,O,,HOH,,A,718,,,-10.215,-14.243,-7.202,1.0,49.94,,,O,,5152,15.9994,-163.43387099999998,-227.8794542,-115.22767879999999
431,HETATM,2436,,O,,HOH,,A,719,,,-40.293,-16.016,8.319,1.0,31.43,,,O,,5153,15.9994,-644.6638242,-256.24639039999994,133.09900860000002
432,HETATM,2437,,O,,HOH,,A,720,,,-32.018,-16.037,12.24,1.0,32.33,,,O,,5154,15.9994,-512.2687892,-256.58237779999996,195.832656
433,HETATM,2438,,O,,HOH,,A,721,,,-24.213,-19.263,13.1,1.0,34.29,,,O,,5155,15.9994,-387.3934722,-308.19644220000004,209.59214
434,HETATM,2439,,O,,HOH,,A,722,,,-35.388,-16.963,8.809,1.0,40.66,,,O,,5156,15.9994,-566.1867672,-271.3978222,140.9387146
435,HETATM,2440,,O,,HOH,,A,723,,,-47.578,-22.764,-8.88,1.0,53.69,,,O,,5157,15.9994,-761.2194532,-364.2103416,-142.07467200000002
436,HETATM,2441,,O,,HOH,,A,724,,,-57.32,-22.834,-0.984,1.0,48.43,,,O,,5158,15.9994,-917.085608,-365.3302996,-15.7434096
437,HETATM,2442,,O,,HOH,,A,725,,,-47.115,-19.447,15.31,1.0,51.62,,,O,,5159,15.9994,-753.811731,-311.14033179999996,244.950814
438,HETATM,2443,,O,,HOH,,A,726,,,-9.875,-28.328,19.246,1.0,33.94,,,O,,5160,15.9994,-157.994075,-453.2310032,307.92445239999995
439,HETATM,2444,,O,,HOH,,A,727,,,-45.208,-0.801,2.152,1.0,31.49,,,O,,5161,15.9994,-723.3008752,-12.815519400000001,34.4307088
440,HETATM,2445,,O,,HOH,,A,728,,,-8.494,-13.999,1.893,1.0,56.9,,,O,,5162,15.9994,-135.89890359999998,-223.9756006,30.2868642
441,HETATM,2446,,O,,HOH,,A,729,,,-43.428,-31.928,4.032,1.0,41.58,,,O,,5163,15.9994,-694.8219432,-510.8288432,64.5095808
442,HETATM,2447,,O,,HOH,,A,730,,,-11.152,2.009,9.488,1.0,49.6,,,O,,5164,15.9994,-178.42530879999998,32.142794599999995,151.8023072
443,HETATM,2448,,O,,HOH,,A,731,,,-12.997,-0.311,13.031,1.0,42.1,,,O,,5165,15.9994,-207.9442018,-4.9758134,208.4881814
444,HETATM,2449,,O,,HOH,,A,732,,,-11.75,-0.47,15.569,1.0,48.36,,,O,,5166,15.9994,-187.99295,-7.519717999999999,249.0946586
445,HETATM,2450,,O,,HOH,,A,733,,,-9.022,-10.385,19.851,1.0,54.37,,,O,,5167,15.9994,-144.3465868,-166.15376899999998,317.60408939999996
446,HETATM,2451,,O,,HOH,,A,734,,,-53.154,-8.815,-9.411,1.0,44.62,,,O,,5168,15.9994,-850.4321076,-141.034711,-150.5703534
447,HETATM,2452,,O,,HOH,,A,735,,,-58.006,-12.622,-7.42,1.0,56.44,,,O,,5169,15.9994,-928.0611964,-201.9444268,-118.715548
448,HETATM,2453,,O,,HOH,,A,736,,,-57.188,-9.692,-7.932,1.0,60.58,,,O,,5170,15.9994,-914.9736872,-155.0661848,-126.9072408
449,HETATM,2454,,O,,HOH,,A,737,,,-58.282,-20.952,-9.773,0.5,57.34,,,O,,5171,15.9994,-932.4770308,-335.2194288,-156.36213619999998
450,HETATM,2455,,O,,HOH,,A,738,,,-55.862,-21.562,5.948,1.0,52.69,,,O,,5172,15.9994,-893.7584828,-344.9790628,95.16443120000001
451,HETATM,2456,,O,,HOH,,A,739,,,-58.081,-20.084,6.412,1.0,50.16,,,O,,5173,15.9994,-929.2611514,-321.3319496,102.5881528
452,HETATM,2457,,O,,HOH,,A,740,,,-48.449,-24.317,-6.699,1.0,44.48,,,O,,5174,15.9994,-775.1549306,-389.0574098,-107.1799806
453,HETATM,2458,,O,,HOH,,A,741,,,-26.767,-3.971,19.776,1.0,60.73,,,O,,5175,15.9994,-428.25593979999996,-63.5336174,316.4041344
454,HETATM,2459,,O,,HOH,,A,742,,,-56.923,-7.091,4.292,1.0,41.38,,,O,,5176,15.9994,-910.7338462,-113.45174540000001,68.6694248
455,HETATM,2460,,O,,HOH,,A,743,,,-41.907,-5.545,19.544,1.0,49.12,,,O,,5177,15.9994,-670.4868558,-88.716673,312.6922736
456,HETATM,2461,,O,,HOH,,A,744,,,-44.138,-5.916,20.83,1.0,47.53,,,O,,5178,15.9994,-706.1815171999999,-94.6524504,333.267502
457,HETATM,2462,,O,,HOH,,A,745,,,-40.211,-15.877,10.731,1.0,39.59,,,O,,5179,15.9994,-643.3518733999999,-254.0224738,171.6895614
458,HETATM,2463,,O,,HOH,,A,746,,,-46.749,-6.602,21.452,1.0,49.56,,,O,,5180,15.9994,-747.9559506,-105.6280388,343.2191288
459,HETATM,2464,,O,,HOH,,A,747,,,-7.529,-30.091,3.072,1.0,56.76,,,O,,5181,15.9994,-120.4594826,-481.4379454,49.1501568
460,HETATM,2465,,O,,HOH,,A,748,,,-5.731,-33.293,14.673,1.0,51.64,,,O,,5182,15.9994,-91.6925614,-532.6680242,234.7591962
461,HETATM,2466,,O,,HOH,,A,749,,,-6.108,-22.949,15.406,1.0,62.4,,,O,,5183,15.9994,-97.7243352,-367.1702306,246.4867564
462,HETATM,2467,,O,,HOH,,A,750,,,-37.571,-18.763,10.488,1.0,35.23,,,O,,5184,15.9994,-601.1134573999999,-300.1967422,167.80170719999998
463,HETATM,2468,,O,,HOH,,A,751,,,-6.38,-7.312,-2.051,1.0,44.52,,,O,,5185,15.9994,-102.076172,-116.98761280000001,-32.8147694
464,HETATM,2469,,O,,HOH,,A,752,,,-48.001,-14.297,-9.297,1.0,44.2,,,O,,5186,15.9994,-767.9871993999999,-228.7434218,-148.7464218
465,HETATM,2470,,O,,HOH,,A,753,,,-12.681,-5.133,17.17,1.0,48.94,,,O,,5187,15.9994,-202.8883914,-82.12492019999999,274.709698
466,HETATM,2471,,O,,HOH,,A,754,,,-51.664,-1.694,-4.044,1.0,61.43,,,O,,5188,15.9994,-826.5930016,-27.102983599999998,-64.70157359999999
467,HETATM,2472,,O,,HOH,,A,755,,,-54.575,-19.857,7.845,1.0,55.59,,,O,,5189,15.9994,-873.1672550000001,-317.70008579999995,125.515293
468,HETATM,2473,,O,,HOH,,A,756,,,-17.373,-28.278,22.092,1.0,52.51,,,O,,5190,15.9994,-277.9575762,-452.43103319999994,353.4587448
469,HETATM,2474,,O,,HOH,,A,757,,,-23.134,-20.305,9.287,1.0,112.63,,,O,,5191,15.9994,-370.1301196,-324.867817,148.5864278
470,HETATM,2475,,O,,HOH,,A,758,,,-25.505,-17.811,8.562,1.0,48.78,,,O,,5192,15.9994,-408.06469699999997,-284.9653134,136.98686279999998
471,HETATM,2476,,O,,HOH,,A,759,,,-15.053,-28.747,-2.848,1.0,83.74,,,O,,5193,15.9994,-240.8389682,-459.9347518,-45.566291199999995
472,HETATM,2477,,O,,HOH,,A,760,,,-43.294,-19.815,4.175,1.0,54.26,,,O,,5194,15.9994,-692.6780236,-317.028111,66.797495
473,HETATM,2478,,O,,HOH,,A,761,,,-47.226,-1.704,1.458,1.0,44.19,,,O,,5195,15.9994,-755.5876644,-27.2629776,23.327125199999998
474,HETATM,2479,,O,,HOH,,A,762,,,-14.552,-23.44,21.225,1.0,53.05,,,O,,5196,15.9994,-232.8232688,-375.025936,339.587265
475,HETATM,2480,,O,,HOH,,A,763,,,-43.407,-15.676,-11.833,1.0,61.97,,,O,,5197,15.9994,-694.4859557999999,-250.8065944,-189.3209002
